Date,Price,Marketing,Seasonality,Demand
2024-06-01,52,56,404,0,308
2024-06-02,91,54,1551,0,067,202
2024-06-03,85,12,8646,0,133,593
2024-06-04,39,7,3563,0,199,513
2024-06-05,27,52,1731,0,264,500
2024-06-06,91,01,4377,0,327,387
2024-06-07,97,75,5165,0,389,382
2024-06-08,59,21,7659,0,45,688
2024-06-09,80,02,5412,0,508,477
2024-06-10,55,3,5266,0,565,594
2024-06-11,32,33,3157,0,618,574
2024-06-12,33,79,4353,0,669,612
2024-06-13,22,8,7897,0,717,836
2024-06-14,28,3,8548,0,762,871
2024-06-15,47,13,4664,0,804,601
2024-06-16,53,36,716,0,841,378
2024-06-17,29,93,6077,0,876,744
2024-06-18,70,88,5527,0,906,556
2024-06-19,45,77,8335,0,932,777
2024-06-20,62,33,1152,0,954,368
2024-06-21,80,23,2982,0,972,382
2024-06-22,45,85,737,0,985,394
2024-06-23,40,12,8373,0,995,826
2024-06-24,49,79,6821,0,999,706
2024-06-25,62,96,6945,1,660
2024-06-26,55,58,1208,0,995,391
2024-06-27,25,19,2666,0,987,593
2024-06-28,78,57,2537,0,974,387
2024-06-29,32,68,5145,0,957,693
2024-06-30,99,24,7802,0,935,552
2024-07-01,14,11,5047,0,909,760
2024-07-02,69,03,3807,0,88,472
2024-07-03,45,68,128,0,846,372
2024-07-04,69,54,1325,0,808,323
2024-07-05,92,88,7014,0,767,542
2024-07-06,17,13,792,0,723,528
2024-07-07,19,44,8019,0,675,875
2024-07-08,87,51,3715,0,625,386
2024-07-09,14,44,166,0,571,467
2024-07-10,51,9,1317,0,516,390
2024-07-11,37,77,3088,0,457,513
2024-07-12,23,6,3568,0,397,596
2024-07-13,87,34,8393,0,335,584
2024-07-14,10,51,990,0,271,509
2024-07-15,90,67,4565,0,207,364
2024-07-16,43,52,7569,0,141,713
2024-07-17,99,34,1555,0,075,184
2024-07-18,90,47,7980,0,008,557
2024-07-19,78,9,1660,-0,058,250
2024-07-20,92,59,5458,-0,125,391
2024-07-21,61,21,8378,-0,191,677
2024-07-22,93,35,3177,-0,256,282
2024-07-23,17,73,6927,-0,319,752
2024-07-24,74,82,1979,-0,382,263
2024-07-25,54,44,894,-0,443,312
2024-07-26,70,48,8684,-0,501,638
2024-07-27,71,45,6093,-0,558,472
2024-07-28,59,22,4256,-0,612,458
2024-07-29,12,39,3729,-0,663,595
2024-07-30,17,88,3471,-0,712,548
2024-07-31,14,41,8476,-0,757,814
2024-08-01,94,98,3930,-0,799,256
2024-08-02,32,69,8732,-0,837,742
2024-08-03,41,04,2579,-0,872,395
2024-08-04,20,77,2452,-0,902,504
2024-08-05,39,54,3603,-0,929,478
2024-08-06,27,54,842,-0,952,364
2024-08-07,31,83,2114,-0,97,437
2024-08-08,30,44,198,-0,984,327
2024-08-09,90,49,8096,-0,994,501
2024-08-10,41,29,8985,-0,999,720
2024-08-11,25,37,6041,-1,632
2024-08-12,84,63,4947,-0,996,356
2024-08-13,64,18,3779,-0,988,393
2024-08-14,77,63,3041,-0,976,279
2024-08-15,19,55,3845,-0,959,545
2024-08-16,11,85,6285,-0,938,691
2024-08-17,70,21,8034,-0,913,558
2024-08-18,99,33,7259,-0,883,421
2024-08-19,45,7,6453,-0,85,585
2024-08-20,74,89,3220,-0,813,295
2024-08-21,29,39,8975,-0,773,776
2024-08-22,71,85,8540,-0,729,600
2024-08-23,70,73,4491,-0,682,415
2024-08-24,21,23,5336,-0,631,651
2024-08-25,30,23,4420,-0,578,581
2024-08-26,58,51,1089,-0,523,293
2024-08-27,33,18,7863,-0,465,721
2024-08-28,93,22,6108,-0,405,392
2024-08-29,18,27,1605,-0,343,501
2024-08-30,61,41,3894,-0,279,446
2024-08-31,32,32,7929,-0,215,737
2024-09-01,93,17,4824,-0,149,353
2024-09-02,19,2,3770,-0,083,606
2024-09-03,63,93,3112,-0,017,387
2024-09-04,24,7,4898,0,05,641
2024-09-05,65,66,6910,0,117,582
2024-09-06,82,89,7718,0,182,569
2024-09-07,83,79,4171,0,248,388
2024-09-08,88,26,2617,0,312,289
2024-09-09,26,43,5358,0,374,695
2024-09-10,76,29,932,0,435,250
2024-09-11,11,63,7891,0,494,886
2024-09-12,65,04,2706,0,551,426
2024-09-13,60,07,3931,0,605,501
2024-09-14,20,48,5925,0,657,755
2024-09-15,10,16,6853,0,706,830
2024-09-16,82,53,4261,0,751,424
2024-09-17,59,43,6852,0,794,656
2024-09-18,31,29,3853,0,832,614
2024-09-19,62,02,491,0,867,318
2024-09-20,11,99,8278,0,899,933
2024-09-21,73,7,7764,0,926,639
2024-09-22,21,98,1306,0,949,541
2024-09-23,62,91,62,0,968,308
2024-09-24,42,43,2282,0,983,500
2024-09-25,90,44,6331,0,993,527
2024-09-26,96,06,7810,0,999,567
2024-09-27,26,57,3390,1,608
2024-09-28,42,4,1686,0,997,468
2024-09-29,54,22,7034,0,989,692
2024-09-30,36,5,303,0,977,418
2024-10-01,73,89,4808,0,961,503
2024-10-02,89,08,3678,0,941,396
2024-10-03,35,72,7818,0,916,808
2024-10-04,52,03,1962,0,887,442
2024-10-05,94,92,1700,0,855,257
2024-10-06,23,88,3085,0,818,617
2024-10-07,65,1,5596,0,778,554
2024-10-08,74,43,7542,0,734,625
2024-10-09,73,15,3130,0,688,412
2024-10-10,90,99,5776,0,638,458
2024-10-11,29,69,2641,0,585,567
2024-10-12,29,88,5854,0,53,714
2024-10-13,91,34,137,0,472,162
2024-10-14,10,86,6034,0,412,803
2024-10-15,92,18,6454,0,351,461
2024-10-16,68,98,3748,0,287,449
2024-10-17,85,11,3034,0,223,322
2024-10-18,75,16,6140,0,157,512
2024-10-19,15,34,8946,0,091,899
2024-10-20,97,65,1593,0,025,173
2024-10-21,20,82,3473,-0,042,577
2024-10-22,32,75,2234,-0,108,491
2024-10-23,54,39,6503,-0,174,599
2024-10-24,80,96,2254,-0,24,268
2024-10-25,48,7,5424,-0,304,576
2024-10-26,26,9,7225,-0,366,717
2024-10-27,44,61,417,-0,428,334
2024-10-28,70,93,588,-0,487,209
2024-10-29,93,22,4453,-0,544,322
2024-10-30,60,53,1454,-0,599,301
2024-10-31,12,07,8369,-0,651,845
2024-11-01,31,05,8004,-0,7,725
2024-11-02,79,5,5943,-0,746,433
2024-11-03,31,06,1459,-0,789,409
2024-11-04,51,39,415,-0,828,249
2024-11-05,20,01,2647,-0,863,484
2024-11-06,51,45,7844,-0,895,620
2024-11-07,61,79,5304,-0,923,448
2024-11-08,21,66,3989,-0,946,549
2024-11-09,93,2952,-0,966,228
2024-11-10,38,2,8386,-0,981,710
2024-11-11,89,39,6889,-0,992,420
2024-11-12,54,04,1765,-0,998,321
2024-11-13,70,02,3740,-1,333
2024-11-14,68,68,1355,-0,997,249
2024-11-15,31,37,1955,-0,991,394
2024-11-16,29,63,7321,-0,979,677
2024-11-17,57,86,908,-0,963,248
2024-11-18,51,87,4029,-0,943,431
2024-11-19,73,68,939,-0,919,195
2024-11-20,96,76,7650,-0,891,435
2024-11-21,74,38,8286,-0,859,554
2024-11-22,21,96,5200,-0,823,614
2024-11-23,78,94,5597,-0,783,401
2024-11-24,42,96,7143,-0,74,639
2024-11-25,14,38,8310,-0,694,814
2024-11-26,32,18,8029,-0,644,723
2024-11-27,37,12,6337,-0,592,633
