Date,Open,High,Low,Close,Volume
2025-01-02,120,00,121,74,119,00,120,00,944302
2025-01-03,120,00,121,35,120,00,120,00,2214568
2025-01-04,120,00,123,71,119,00,122,00,2611034
2025-01-05,122,00,122,22,120,00,122,00,1402303
2025-01-06,122,00,124,67,120,00,124,00,1318718
2025-01-07,124,00,126,13,124,00,125,00,1895504
2025-01-08,125,00,125,06,123,00,125,00,839732
2025-01-09,125,00,126,44,123,00,125,00,1345879
2025-01-10,125,00,125,33,124,00,124,00,1193382
2025-01-11,124,00,126,30,123,00,126,00,2675914
2025-01-12,126,00,129,32,126,00,128,00,1534185
2025-01-13,128,00,130,92,127,00,129,00,1909363
2025-01-14,129,00,131,29,129,00,131,00,2628977
2025-01-15,131,00,134,83,130,00,133,00,2412917
2025-01-16,133,00,135,37,132,00,135,00,1738052
2025-01-17,135,00,137,04,134,00,137,00,1482626
2025-01-18,137,00,137,30,134,00,136,00,1444272
2025-01-19,136,00,137,63,134,00,135,00,2028037
2025-01-20,135,00,138,87,135,00,137,00,1538966
2025-01-21,137,00,138,22,135,00,138,00,1601397
2025-01-22,138,00,138,77,138,00,138,00,1321170
2025-01-23,138,00,140,80,137,00,139,00,1360868
2025-01-24,139,00,140,54,138,00,140,00,2081544
2025-01-25,140,00,141,41,140,00,141,00,2290885
2025-01-26,141,00,143,00,139,00,141,00,1491271
2025-01-27,141,00,141,88,140,00,141,00,940397
2025-01-28,141,00,143,14,141,00,142,00,2288372
2025-01-29,142,00,145,02,141,00,144,00,2266635
2025-01-30,144,00,144,48,144,00,144,00,1363819
2025-01-31,144,00,146,28,143,00,146,00,1778651
2025-02-01,146,00,148,24,145,00,147,00,2264692
2025-02-02,147,00,149,85,147,00,148,00,1895374
2025-02-03,148,00,150,57,146,00,150,00,2028088
2025-02-04,150,00,150,87,149,00,150,00,2129572
2025-02-05,150,00,153,36,148,00,153,00,2845994
2025-02-06,153,00,156,64,152,00,155,00,1600162
2025-02-07,155,00,159,57,154,00,158,00,1953661
2025-02-08,158,00,159,74,158,00,158,00,917542
2025-02-09,158,00,160,59,156,00,159,00,1702332
2025-02-10,159,00,162,57,158,00,161,00,2307658
2025-02-11,161,00,162,98,161,00,162,00,1689747
2025-02-12,162,00,165,87,161,00,164,00,2476279
2025-02-13,164,00,167,31,163,00,167,00,2567727
2025-02-14,167,00,169,41,166,00,168,00,2016630
2025-02-15,168,00,169,31,166,00,168,00,1782296
2025-02-16,168,00,170,84,167,00,169,00,2408661
2025-02-17,169,00,170,70,169,00,169,00,1264589
2025-02-18,169,00,171,54,169,00,170,00,1235257
2025-02-19,170,00,171,23,169,00,171,00,1679236
2025-02-20,171,00,174,89,170,00,173,00,2750659
2025-02-21,173,00,173,95,172,00,173,00,891140
2025-02-22,173,00,173,79,172,00,173,00,1847819
2025-02-23,173,00,174,28,172,00,174,00,1068038
2025-02-24,174,00,178,81,174,00,177,00,2230345
2025-02-25,177,00,177,38,176,00,176,00,2129603
2025-02-26,176,00,178,26,175,00,178,00,1716784
2025-02-27,178,00,178,88,177,00,177,00,1539803
2025-02-28,177,00,177,08,174,00,176,00,1317067
2025-03-01,176,00,177,81,175,00,176,00,1100755
2025-03-02,176,00,177,79,175,00,177,00,2336751
2025-03-03,177,00,177,82,174,00,176,00,1576042
2025-03-04,176,00,176,16,176,00,176,00,1886428
2025-03-05,176,00,176,09,175,00,175,00,1996561
2025-03-06,175,00,177,37,175,00,176,00,1467371
2025-03-07,176,00,176,23,175,00,175,00,2389180
2025-03-08,175,00,175,81,174,00,175,00,1390353
2025-03-09,175,00,175,16,172,00,174,00,1122299
2025-03-10,174,00,176,91,172,00,175,00,1933677
2025-03-11,175,00,176,77,174,00,176,00,1767017
2025-03-12,176,00,177,81,174,00,175,00,2361776
2025-03-13,175,00,175,66,174,00,174,00,1162254
2025-03-14,174,00,175,78,173,00,175,00,1928398
2025-03-15,175,00,176,29,173,00,176,00,1922457
2025-03-16,176,00,177,09,175,00,176,00,2013409
2025-03-17,176,00,179,03,176,00,178,00,1833240
2025-03-18,178,00,178,22,177,00,177,00,1276802
2025-03-19,177,00,178,13,174,00,176,00,1636907
2025-03-20,176,00,177,29,172,00,174,00,1640935
2025-03-21,174,00,174,16,172,00,173,00,1020712
2025-03-22,173,00,173,70,171,00,172,00,2305520
2025-03-23,172,00,172,67,172,00,172,00,1401350
2025-03-24,172,00,172,67,169,00,170,00,1693767
2025-03-25,170,00,172,59,169,00,171,00,2180483
2025-03-26,171,00,171,73,170,00,171,00,1184844
2025-03-27,171,00,171,23,167,00,169,00,1581854
2025-03-28,169,00,169,42,168,00,169,00,1113385
2025-03-29,169,00,170,40,167,00,167,00,1731138
2025-03-30,167,00,168,93,166,00,168,00,1982852
2025-03-31,168,00,169,94,166,00,169,00,2409328
2025-04-01,169,00,171,42,169,00,170,00,2332112
2025-04-02,170,00,171,42,168,00,169,00,1679771
2025-04-03,169,00,169,52,166,00,167,00,1438775
2025-04-04,167,00,167,85,164,00,166,00,1225615
2025-04-05,166,00,166,73,164,00,165,00,1546773
2025-04-06,165,00,166,11,165,00,166,00,1555658
2025-04-07,166,00,166,00,164,00,164,00,1937155
2025-04-08,164,00,165,91,160,00,162,00,1615124
2025-04-09,162,00,163,65,161,00,162,00,1619823
2025-04-10,162,00,162,17,157,00,159,00,2700771
2025-04-11,159,00,159,18,159,00,159,00,2215769
2025-04-12,159,00,159,24,155,00,157,00,2148873
2025-04-13,157,00,158,03,157,00,157,00,1615864
2025-04-14,157,00,157,99,153,00,155,00,2523533
2025-04-15,155,00,156,59,153,00,154,00,1414328
2025-04-16,154,00,154,02,153,00,153,00,1261353
2025-04-17,153,00,153,78,151,00,152,00,1789444
2025-04-18,152,00,152,69,150,00,150,00,1901377
2025-04-19,150,00,150,90,148,00,149,00,2279472
2025-04-20,149,00,149,67,146,00,146,00,1694956
2025-04-21,146,00,147,50,142,00,144,00,2472102
2025-04-22,144,00,145,46,142,00,145,00,1013207
2025-04-23,145,00,146,93,145,00,146,00,1365935
2025-04-24,146,00,147,40,144,00,145,00,2148226
2025-04-25,145,00,147,77,144,00,146,00,2209233
2025-04-26,146,00,146,78,145,00,146,00,1209277
2025-04-27,146,00,147,70,145,00,145,00,2084244
2025-04-28,145,00,146,25,143,00,146,00,1347872
2025-04-29,146,00,147,16,146,00,146,00,1829792
2025-04-30,146,00,146,86,143,00,144,00,1631529
2025-05-01,144,00,144,86,142,00,143,00,1972396
2025-05-02,143,00,144,67,140,00,142,00,2126608
2025-05-03,142,00,143,57,138,00,140,00,1554758
2025-05-04,140,00,141,92,139,00,141,00,2121108
2025-05-05,141,00,142,01,140,00,140,00,2358916
2025-05-06,140,00,140,44,138,00,138,00,2441732
2025-05-07,138,00,139,79,137,00,138,00,2051268
2025-05-08,138,00,139,23,137,00,138,00,1633858
2025-05-09,138,00,138,38,137,00,138,00,1156846
2025-05-10,138,00,140,42,136,00,139,00,1871466
2025-05-11,139,00,141,89,138,00,141,00,1523177
2025-05-12,141,00,142,43,140,00,140,00,1320223
2025-05-13,140,00,141,03,138,00,139,00,2232354
2025-05-14,139,00,139,88,138,00,138,00,1427954
2025-05-15,138,00,139,86,137,00,137,00,1603844
2025-05-16,137,00,137,11,136,00,136,00,1807103
2025-05-17,136,00,136,62,134,00,135,00,2086736
2025-05-18,135,00,135,42,132,00,134,00,2121033
2025-05-19,134,00,135,22,132,00,134,00,1784698
2025-05-20,134,00,136,89,133,00,135,00,2235022
2025-05-21,135,00,136,92,134,00,136,00,2468448
2025-05-22,136,00,137,68,134,00,135,00,1080974
2025-05-23,135,00,135,26,131,00,133,00,2368501
2025-05-24,133,00,135,07,132,00,134,00,2392933
2025-05-25,134,00,134,30,131,00,133,00,2317975
2025-05-26,133,00,134,03,132,00,132,00,2459363
2025-05-27,132,00,134,35,132,00,133,00,1829431
2025-05-28,133,00,134,08,132,00,133,00,1448139
2025-05-29,133,00,133,23,131,00,133,00,1998223
2025-05-30,133,00,133,42,133,00,133,00,1373579
2025-05-31,133,00,136,08,132,00,135,00,1564767
2025-06-01,135,00,135,37,133,00,135,00,820969
2025-06-02,135,00,135,16,134,00,135,00,1512490
2025-06-03,135,00,136,03,132,00,134,00,1359862
2025-06-04,134,00,136,49,133,00,135,00,1806114
2025-06-05,135,00,137,52,134,00,136,00,1916365
2025-06-06,136,00,138,02,135,00,137,00,1869385
2025-06-07,137,00,140,25,136,00,139,00,1446033
2025-06-08,139,00,143,06,137,00,142,00,2365800
2025-06-09,142,00,146,00,141,00,144,00,1970894
2025-06-10,144,00,146,33,143,00,146,00,1847484
2025-06-11,146,00,146,38,145,00,146,00,2231953
2025-06-12,146,00,147,22,145,00,146,00,1730493
2025-06-13,146,00,149,27,145,00,148,00,1702345
2025-06-14,148,00,151,42,147,00,151,00,2763547
2025-06-15,151,00,154,84,151,00,154,00,2382765
2025-06-16,154,00,155,68,153,00,155,00,1861999
2025-06-17,155,00,156,50,154,00,156,00,1779543
2025-06-18,156,00,156,18,154,00,156,00,1625779
2025-06-19,156,00,157,46,155,00,157,00,1453416
2025-06-20,157,00,157,77,156,00,157,00,1110806
2025-06-21,157,00,158,83,156,00,157,00,1303140
2025-06-22,157,00,160,59,156,00,159,00,2357472
2025-06-23,159,00,161,64,158,00,160,00,1523357
2025-06-24,160,00,164,55,158,00,163,00,2796232
2025-06-25,163,00,166,74,162,00,165,00,1440966
2025-06-26,165,00,166,74,164,00,165,00,1817193
2025-06-27,165,00,167,46,163,00,167,00,2397869
2025-06-28,167,00,170,34,166,00,170,00,2263039
2025-06-29,170,00,170,15,169,00,170,00,1758681
2025-06-30,170,00,170,42,168,00,169,00,2008301
2025-07-01,169,00,172,43,167,00,171,00,1693789
2025-07-02,171,00,173,26,170,00,172,00,2083897
2025-07-03,172,00,174,02,171,00,173,00,1381623
2025-07-04,173,00,176,43,171,00,176,00,2274067
2025-07-05,176,00,178,22,175,00,177,00,1803698
2025-07-06,177,00,181,85,176,00,180,00,2147974
2025-07-07,180,00,180,05,180,00,180,00,2116546
2025-07-08,180,00,181,42,178,00,181,00,1742881
2025-07-09,181,00,182,40,180,00,181,00,1702811
2025-07-10,181,00,184,40,181,00,184,00,1718085
2025-07-11,184,00,186,41,183,00,186,00,1787516
2025-07-12,186,00,187,76,185,00,187,00,2412099
2025-07-13,187,00,188,72,187,00,187,00,1557775
2025-07-14,187,00,188,24,186,00,188,00,2191821
2025-07-15,188,00,192,22,188,00,191,00,2405614
2025-07-16,191,00,193,42,191,00,192,00,1293500
2025-07-17,192,00,194,30,192,00,194,00,1687293
2025-07-18,194,00,196,62,193,00,196,00,1639412
2025-07-19,196,00,197,91,194,00,197,00,2101372
2025-07-20,197,00,198,69,195,00,198,00,2203265
2025-07-21,198,00,199,35,197,00,199,00,1850038
2025-07-22,199,00,201,60,197,00,201,00,1630205
2025-07-23,201,00,204,46,200,00,203,00,1923456
2025-07-24,203,00,204,03,201,00,202,00,2541826
2025-07-25,202,00,202,24,200,00,201,00,1735002
2025-07-26,201,00,201,48,200,00,200,00,2209940
2025-07-27,200,00,201,99,198,00,200,00,1161613
2025-07-28,200,00,201,93,199,00,199,00,1977473
2025-07-29,199,00,200,72,199,00,200,00,1710532
2025-07-30,200,00,201,01,198,00,198,00,1933299
2025-07-31,198,00,198,08,196,00,197,00,1060811
2025-08-01,197,00,198,38,197,00,198,00,1124438
2025-08-02,198,00,201,91,197,00,200,00,1956246
2025-08-03,200,00,201,83,199,00,201,00,1458542
2025-08-04,201,00,202,55,198,00,199,00,1398338
2025-08-05,199,00,200,27,196,00,198,00,2364914
2025-08-06,198,00,199,86,197,00,198,00,1920776
2025-08-07,198,00,198,48,196,00,198,00,1698301
2025-08-08,198,00,200,33,198,00,200,00,1600119
2025-08-09,200,00,201,20,200,00,201,00,1472510
2025-08-10,201,00,203,82,200,00,202,00,1478612
2025-08-11,202,00,203,17,199,00,201,00,1713217
2025-08-12,201,00,203,54,200,00,202,00,1522782
2025-08-13,202,00,202,36,201,00,201,00,2180269
2025-08-14,201,00,201,64,198,00,199,00,2408577
2025-08-15,199,00,199,93,198,00,199,00,1783273
2025-08-16,199,00,199,24,196,00,197,00,2249962
2025-08-17,197,00,197,53,195,00,196,00,2410926
2025-08-18,196,00,196,21,196,00,196,00,1454314
2025-08-19,196,00,197,19,194,00,195,00,1273587
2025-08-20,195,00,195,24,190,00,192,00,2520945
2025-08-21,192,00,194,25,191,00,193,00,2182575
2025-08-22,193,00,193,77,191,00,191,00,2329210
2025-08-23,191,00,191,71,190,00,191,00,1368874
2025-08-24,191,00,192,37,190,00,190,00,1363710
2025-08-25,190,00,190,73,187,00,187,00,2397130
2025-08-26,187,00,187,81,185,00,186,00,1277818
2025-08-27,186,00,187,25,182,00,183,00,2415973
2025-08-28,183,00,183,67,181,00,183,00,1668806
2025-08-29,183,00,184,72,182,00,183,00,1450420
